metric	value
PERMANOVA_pseudo_F	6.615695888769047
PERMANOVA_R2_approx	0.6540030425503524
PERMANOVA_p_value	0.001
n_permutations	999.0
n_samples	10.0
n_groups	3.0
PC1_explained	0.5091056662517057
PC2_explained	0.20286940035168688
PC3_explained	0.10383480413849758
PC4_explained	0.0727726978588474
PC5_explained	0.047404840039356605
