dataset	figure	n_mags	n_samples	n_groups	wall_s_median	wall_s_min	wall_s_max	peak_mem_mb_median	peak_mem_mb_max	n_success	n_repeats	status
liu_sub500m30s	cycle_diagram	500	30	1	0.20310739999695215	0.1982572999986587	0.2079574999952456	0.541015625	1.01953125	2	2	ok
liu_sub500m30s	mag_heatmap	500	30	1	0.09364469999854919	0.09138359999633394	0.09590580000076443	0.513671875	0.98046875	2	2	ok
liu_sub500m30s	pathway	500	30	1	0.12306190000163042	0.1225447000033455	0.12357909999991534	0.03125	0.03515625	2	2	ok
