dataset	figure	n_mags	n_samples	n_groups	wall_s_median	wall_s_min	wall_s_max	peak_mem_mb_median	peak_mem_mb_max	n_success	n_repeats	status
liu_sub200m30s	cycle_diagram	200	30	1	0.11554215000069235	0.10986200000479585	0.12122229999658884	0.294921875	0.55078125	2	2	ok
liu_sub200m30s	mag_heatmap	200	30	1	0.0855382500012638	0.08207659999607131	0.0889999000064563	0.4453125	0.828125	2	2	ok
liu_sub200m30s	pathway	200	30	1	0.09854564999841386	0.0951883999950951	0.10190290000173263	0.0234375	0.02734375	2	2	ok
