dataset	figure	n_mags	n_samples	n_groups	wall_s_median	wall_s_min	wall_s_max	peak_mem_mb_median	peak_mem_mb_max	n_success	n_repeats	status
liu_sub500m87s	cycle_diagram	500	87	1	0.2142509000004793	0.21234030000050552	0.2161615000004531	0.55078125	1.0390625	2	2	ok
liu_sub500m87s	mag_heatmap	500	87	1	0.13860679999925196	0.1373987000042689	0.13981489999423502	2.19921875	3.46875	2	2	ok
liu_sub500m87s	pathway	500	87	1	0.11870860000271932	0.11587359999975888	0.12154360000567976	0.02734375	0.03515625	2	2	ok
