dataset	figure	n_mags	n_samples	n_groups	wall_s_median	wall_s_min	wall_s_max	peak_mem_mb_median	peak_mem_mb_max	n_success	n_repeats	status
liu_sub1000m30s	cycle_diagram	1000	30	1	0.35445925000021816	0.3525398999991012	0.35637860000133514	0.763671875	1.30078125	2	2	ok
liu_sub1000m30s	mag_heatmap	1000	30	1	0.10080704999927548	0.09969719999935478	0.10191689999919618	0.61328125	0.96484375	2	2	ok
liu_sub1000m30s	pathway	1000	30	1	0.17084374999831198	0.16946610000013607	0.1722213999964879	0.09375	0.16015625	2	2	ok
