dataset	figure	n_mags	n_samples	n_groups	wall_s_median	wall_s_min	wall_s_max	peak_mem_mb_median	peak_mem_mb_max	n_success	n_repeats	status
liu_sub500m60s	cycle_diagram	500	60	1	0.21666770000229008	0.21566750000056345	0.2176679000040167	0.580078125	1.1171875	2	2	ok
liu_sub500m60s	mag_heatmap	500	60	1	0.12366649999967194	0.11770930000056978	0.1296236999987741	1.341796875	2.578125	2	2	ok
liu_sub500m60s	pathway	500	60	1	0.12704500000108965	0.12348890000430401	0.13060109999787528	0.0234375	0.02734375	2	2	ok
