dataset	figure	n_mags	n_samples	n_groups	wall_s_median	wall_s_min	wall_s_max	peak_mem_mb_median	peak_mem_mb_max	n_success	n_repeats	status
liu_sub200m60s	cycle_diagram	200	60	1	0.1178607000001648	0.11675520000426332	0.11896619999606628	0.291015625	0.54296875	2	2	ok
liu_sub200m60s	mag_heatmap	200	60	1	0.11494470000252477	0.10638430000108201	0.12350510000396753	1.150390625	2.27734375	2	2	ok
liu_sub200m60s	pathway	200	60	1	0.09246975000132807	0.09160139999585226	0.09333810000680387	0.03125	0.03125	2	2	ok
