dataset	figure	n_mags	n_samples	n_groups	wall_s_median	wall_s_min	wall_s_max	peak_mem_mb_median	peak_mem_mb_max	n_success	n_repeats	status
liu_sub200m87s	cycle_diagram	200	87	1	0.1273908000002848	0.12432299999636598	0.13045860000420362	1.2265625	2.41015625	2	2	ok
liu_sub200m87s	mag_heatmap	200	87	1	0.14544839999871328	0.14279869999882067	0.1480980999986059	1.546875	2.51953125	2	2	ok
liu_sub200m87s	pathway	200	87	1	0.10149590000219177	0.09996230000251671	0.10302950000186684	0.03515625	0.04296875	2	2	ok
