dataset	figure	n_mags	n_samples	n_groups	wall_s_median	wall_s_min	wall_s_max	peak_mem_mb_median	peak_mem_mb_max	n_success	n_repeats	status
liu_sub1000m87s	cycle_diagram	1000	87	1	0.35006145000079414	0.34817289999773493	0.35195000000385335	1.537109375	2.1796875	2	2	ok
liu_sub1000m87s	mag_heatmap	1000	87	1	0.14394280000124127	0.14269839999906253	0.14518720000342	3.154296875	4.14453125	2	2	ok
liu_sub1000m87s	pathway	1000	87	1	0.18494899999859626	0.18148959999962244	0.1884083999975701	1.435546875	2.80078125	2	2	ok
