dataset	figure	n_mags	n_samples	n_groups	wall_s_median	wall_s_min	wall_s_max	peak_mem_mb_median	peak_mem_mb_max	n_success	n_repeats	status
liu_sub1000m60s	cycle_diagram	1000	60	1	0.3461583000025712	0.3433976000014809	0.3489190000036615	1.14453125	2.05859375	2	2	ok
liu_sub1000m60s	mag_heatmap	1000	60	1	0.12452959999791346	0.12027039999520639	0.12878880000062054	2.1875	3.3984375	2	2	ok
liu_sub1000m60s	pathway	1000	60	1	0.16889079999964451	0.1687344000019948	0.16904719999729423	0.041015625	0.04296875	2	2	ok
